female,happy
female,happy
female,happy
female,happy
female,happy
female,happy
female,happy
female,happy
female,happy
female,happy
female,happy
female,happy
female,happy
female,happy
female,happy
female,happy
female,happy
female,happy
female,happy
female,happy
female,happy
female,happy
female,happy
female,happy
female,happy
female,happy
female,happy
female,happy
female,happy
female,happy
female,happy
female,happy
female,happy
female,happy
female,happy
female,happy
female,happy
female,happy
female,happy
female,happy
female,happy
female,happy
female,happy
female,happy
female,happy
female,happy
female,happy
female,happy
female,happy
female,happy
female,happy
female,happy
female,happy
female,happy
female,happy
female,happy
female,happy
female,happy
female,happy
female,happy
female,happy
female,happy
female,happy
female,happy
female,happy
female,happy
female,happy
female,happy
female,happy
female,happy
female,happy
female,happy
female,happy
female,happy
female,happy
female,happy
female,happy
female,happy
female,happy
female,happy
female,happy
female,happy
female,happy
female,happy
female,happy
female,happy
female,happy
female,happy
female,happy
female,happy
female,happy
female,happy
female,happy
female,happy
female,happy
female,happy
female,happy
female,happy
female,happy
female,happy
female,happy
female,happy
female,happy
female,happy
female,happy
female,happy
female,happy
female,happy
female,happy
female,happy
female,happy
female,happy
female,happy
female,happy
female,happy
female,happy
female,happy
female,happy
female,happy
female,happy
female,happy
female,happy
female,happy
female,happy
female,happy
female,happy
female,happy
female,happy
female,happy
female,happy
female,happy
female,happy
female,happy
female,happy
female,happy
female,happy
female,happy
female,happy
female,happy
female,happy
female,happy
female,happy
female,happy
female,happy
female,happy
female,happy
female,happy
female,happy
female,happy
female,happy
female,happy
female,happy
female,happy
female,happy
female,happy
female,happy
female,happy
female,happy
female,happy
female,happy
female,happy
female,happy
female,happy
female,happy
female,happy
female,happy
female,happy
female,happy
female,happy
female,happy
female,happy
female,happy
female,happy
female,happy
female,happy
female,happy
female,happy
female,happy
female,happy
female,happy
female,happy
female,happy
female,happy
female,happy
female,happy
female,happy
female,happy
female,happy
female,happy
female,happy
female,happy
female,happy
female,happy
female,happy
female,happy
female,happy
female,happy
female,happy
female,happy
female,happy
female,happy
female,happy
female,happy
female,happy
female,happy
female,happy
female,happy
female,happy
female,happy
female,happy
female,happy
female,happy
female,happy
female,happy
female,happy
female,happy
female,happy
female,happy
female,happy
female,happy
female,happy
female,happy
female,happy
female,happy
female,happy
female,happy
female,happy
female,happy
female,happy
female,happy
female,happy
female,happy
female,happy
female,happy
female,happy
female,happy
female,happy
female,happy
female,happy
female,happy
female,happy
female,happy
female,happy
female,happy
female,happy
female,happy
female,happy
female,happy
female,happy
female,happy
female,happy
female,happy
female,happy
female,happy
female,happy
female,happy
female,happy
female,happy
female,happy
female,happy
female,happy
female,happy
female,happy
female,happy
female,happy
female,happy
female,happy
female,happy
female,happy
female,happy
female,happy
female,happy
female,happy
female,happy
female,happy
female,happy
female,happy
female,happy
female,happy
female,happy
female,happy
female,happy
female,happy
female,happy
female,happy
female,happy
female,happy
female,happy
female,happy
female,happy
female,happy
female,happy
female,happy
female,happy
female,happy
female,happy
female,happy
female,happy
female,happy
female,happy
female,happy
female,happy
female,happy
female,happy
female,happy
female,happy
female,happy
female,happy
female,happy
female,happy
female,happy
female,happy
female,happy
female,happy
female,happy
female,happy
female,happy
female,happy
female,happy
female,happy
female,happy
female,happy
female,happy
female,happy
female,happy
female,happy
female,happy
female,happy
female,happy
female,happy
female,happy
female,happy
female,happy
female,happy
female,happy
female,happy
female,happy
female,happy
female,happy
female,happy
female,happy
female,happy
female,happy
female,happy
female,happy
female,happy
female,happy
female,happy
female,happy
female,happy
female,happy
female,happy
female,happy
female,happy
female,happy
female,happy
female,happy
female,happy
female,happy
female,happy
female,happy
female,happy
female,happy
female,happy
female,happy
female,happy
female,happy
female,happy
female,happy
female,happy
female,happy
female,happy
female,happy
female,happy
female,happy
female,happy
female,happy
female,happy
female,happy
female,happy
female,happy
female,happy
female,happy
female,happy
female,happy
female,happy
female,happy
female,happy
female,happy
female,happy
female,happy
female,happy
female,happy
female,happy
female,happy
female,happy
female,happy
female,happy
female,happy
female,happy
female,happy
female,happy
female,happy
female,happy
female,happy
female,happy
female,happy
female,happy
female,happy
female,happy
female,happy
female,happy
female,happy
female,happy
female,happy
female,happy
female,happy
female,happy
female,happy
female,happy
female,happy
female,happy
female,happy
female,happy
female,happy
female,happy
female,happy
female,happy
female,happy
female,happy
female,happy
female,happy
female,happy
female,happy
female,happy
female,happy
female,happy
female,happy
female,happy
female,happy
female,happy
female,happy
female,happy
female,happy
female,happy
female,happy
female,happy
female,happy
female,happy
female,happy
female,happy
female,happy
female,happy
female,happy
female,happy
female,happy
female,happy
female,happy
female,happy
female,happy
female,happy
female,happy
female,happy
female,happy
female,happy
female,happy
female,happy
female,happy
female,happy
female,happy
female,happy
female,happy
female,happy
female,happy
female,happy
female,happy
female,happy
female,happy
female,happy
female,happy
female,happy
female,happy
female,happy
female,happy
female,happy
female,happy
female,happy
female,happy
female,happy
female,happy
female,happy
female,happy
female,happy
female,happy
female,happy
female,happy
female,happy
female,happy
female,happy
female,happy
female,happy
female,happy
female,happy
female,happy
female,happy
female,happy
female,happy
female,happy
female,happy
female,happy
female,happy
female,happy
female,happy
female,happy
female,happy
female,happy
female,happy
female,happy
female,happy
female,happy
female,happy
female,happy
female,happy
female,happy
female,happy
female,happy
female,happy
female,happy
female,happy
female,happy
female,happy
female,happy
female,happy
female,happy
female,happy
female,happy
female,happy
female,happy
female,happy
female,happy
female,happy
female,happy
female,happy
female,happy
female,happy
female,happy
female,happy
female,happy
female,happy
female,happy
female,happy
female,happy
female,happy
female,happy
female,happy
female,happy
female,happy
female,happy
female,happy
female,happy
female,happy
female,happy
female,happy
female,happy
female,happy
female,happy
female,happy
female,happy
female,happy
female,happy
female,happy
female,happy
female,happy
female,happy
female,happy
female,happy
female,happy
female,happy
female,happy
female,happy
female,happy
female,happy
female,happy
female,happy
female,happy
female,happy
female,happy
female,happy
female,happy
female,happy
female,happy
female,happy
female,happy
female,happy
female,happy
female,happy
female,happy
female,happy
female,happy
female,happy
female,happy
female,happy
female,happy
female,happy
female,happy
female,happy
female,happy
female,happy
female,happy
female,happy
female,happy
female,happy
female,happy
female,happy
female,happy
female,happy
female,happy
female,happy
female,happy
female,happy
female,happy
female,happy
female,happy
female,happy
female,happy
female,happy
female,happy
female,happy
female,happy
female,happy
female,happy
female,happy
female,happy
female,happy
female,happy
female,happy
female,happy
female,happy
female,happy
female,happy
female,happy
female,happy
female,happy
female,happy
female,happy
female,happy
female,happy
female,happy
female,happy
female,happy
female,happy
female,happy
female,happy
female,happy
female,happy
female,happy
female,happy
female,happy
female,happy
female,happy
female,happy
female,happy
female,happy
female,happy
female,happy
female,happy
female,happy
female,happy
female,happy
female,happy
female,happy
female,happy
female,happy
female,happy
female,happy
female,happy
female,happy
female,happy
female,happy
female,happy
female,happy
female,happy
female,happy
female,happy
female,happy
female,happy
female,happy
female,happy
female,happy
female,happy
female,happy
female,happy
female,happy
female,happy
female,happy
female,happy
female,happy
female,happy
female,happy
female,happy
female,happy
female,happy
female,happy
female,happy
female,happy
female,happy
female,happy
female,happy
female,happy
female,happy
female,happy
female,happy
female,happy
female,happy
female,happy
female,happy
female,happy
female,happy
female,happy
female,happy
female,happy
female,happy
female,happy
female,happy
female,happy
female,happy
female,happy
female,happy
female,happy
female,happy
female,happy
female,happy
female,happy
female,happy
female,happy
female,happy
female,happy
female,happy
female,happy
female,happy
female,happy
female,happy
female,happy
female,happy
female,happy
female,happy
female,happy
female,happy
female,happy
female,happy
female,happy
female,happy
female,happy
female,happy
female,happy
female,happy
female,happy
female,happy
female,happy
female,happy
female,happy
female,happy
female,happy
female,happy
female,happy
female,happy
female,happy
female,happy
female,happy
female,happy
female,happy
female,happy
female,happy
female,happy
female,happy
female,happy
female,happy
female,happy
female,happy
female,happy
female,happy
female,happy
female,happy
female,happy
female,happy
female,happy
female,happy
female,happy
female,happy
female,happy
female,happy
female,happy
female,happy
female,happy
female,happy
female,happy
female,happy
female,happy
female,happy
female,happy
female,happy
female,happy
female,happy
female,happy
female,happy
female,happy
female,happy
female,happy
female,happy
female,happy
female,happy
female,happy
female,happy
female,happy
female,happy
female,happy
female,happy
female,happy
female,happy
female,happy
female,happy
female,happy
female,happy
female,happy
female,happy
female,happy
female,happy
female,happy
female,happy
female,happy
female,happy
female,happy
female,happy
female,happy
female,happy
female,happy
female,happy
female,happy
female,happy
female,happy
female,happy
female,happy
female,happy
female,happy
female,happy
female,happy
female,happy
female,happy
female,happy
female,happy
female,happy
female,happy
female,happy
female,happy
female,happy
female,happy
female,happy
female,happy
female,happy
female,happy
female,happy
female,happy
female,happy
female,happy
female,happy
female,happy
female,happy
female,happy
female,happy
female,happy
female,happy
female,happy
female,happy
female,happy
female,happy
female,happy
female,happy
female,happy
female,happy
female,happy
female,happy
female,happy
female,happy
female,happy
female,happy
female,happy
female,happy
female,happy
female,happy
female,happy
female,happy
female,happy
female,happy
female,happy
female,happy
female,happy
female,happy
female,happy
female,happy
female,happy
female,happy
female,happy
female,happy
female,happy
female,happy
female,happy
female,happy
female,happy
female,happy
female,happy
female,happy
female,happy
female,happy
female,happy
female,happy
female,happy
female,happy
female,happy
female,happy
female,happy
female,happy
female,happy
female,happy
female,happy
female,happy
female,happy
female,happy
female,happy
female,happy
female,happy
female,happy
female,happy
female,happy
female,happy
female,happy
female,happy
female,happy
female,happy
female,happy
female,happy
female,happy
female,happy
female,happy
female,happy
female,happy
female,happy
female,happy
female,happy
female,happy
female,happy
female,happy
female,happy
female,happy
female,happy
female,happy
female,happy
female,happy
female,happy
female,happy
female,happy
female,happy
female,happy
female,happy
female,happy
female,happy
female,happy
female,happy
female,happy
female,happy
female,happy
female,happy
female,happy
female,happy
female,happy
female,happy
female,happy
female,happy
female,happy
female,happy
female,happy
female,happy
female,happy
female,happy
female,happy
female,happy
female,happy
female,happy
female,happy
female,happy
female,happy
female,happy
female,happy
female,happy
female,happy
female,happy
female,happy
female,happy
female,happy
female,happy
female,happy
female,sad
female,sad
female,sad
female,sad
female,sad
female,sad
female,sad
female,sad
female,sad
female,sad
female,sad
female,sad
female,sad
female,sad
female,sad
female,sad
female,sad
female,sad
female,sad
female,sad
female,sad
female,sad
female,sad
female,sad
female,sad
female,sad
female,sad
female,sad
female,sad
female,sad
female,sad
female,sad
female,sad
female,sad
female,sad
female,sad
female,sad
female,sad
female,sad
female,sad
female,sad
female,sad
female,sad
female,sad
female,sad
female,sad
female,sad
female,sad
female,sad
female,sad
female,sad
female,sad
female,sad
female,sad
female,sad
female,sad
female,sad
female,sad
female,sad
female,sad
female,sad
female,sad
female,sad
female,sad
female,sad
female,sad
female,sad
female,sad
female,sad
female,sad
female,sad
female,sad
female,sad
female,sad
female,sad
female,sad
female,sad
female,sad
female,sad
female,sad
female,sad
female,sad
female,sad
female,sad
female,sad
female,sad
female,sad
female,sad
female,sad
female,sad
female,sad
female,sad
female,sad
female,sad
female,sad
female,sad
female,sad
female,sad
female,sad
female,sad
female,sad
female,sad
female,sad
female,sad
female,sad
female,sad
female,sad
female,sad
female,sad
female,sad
female,sad
female,sad
female,sad
female,sad
female,sad
female,sad
female,sad
female,sad
female,sad
female,sad
female,sad
female,sad
female,sad
female,sad
female,sad
female,sad
female,sad
female,sad
female,sad
female,sad
female,sad
female,sad
female,sad
female,sad
female,sad
female,sad
female,sad
female,sad
female,sad
female,sad
female,sad
female,sad
female,sad
female,sad
female,sad
female,sad
female,sad
female,sad
female,sad
female,sad
female,sad
female,sad
female,sad
female,sad
female,sad
female,sad
female,sad
female,sad
female,sad
female,sad
female,sad
female,sad
female,sad
female,sad
female,sad
female,sad
female,sad
female,sad
female,sad
female,sad
female,sad
female,sad
female,sad
female,sad
female,sad
female,sad
female,sad
female,sad
female,sad
female,sad
female,sad
female,sad
female,sad
female,sad
female,sad
female,sad
female,sad
female,sad
female,sad
female,sad
female,sad
female,sad
female,sad
female,sad
female,sad
female,sad
female,sad
female,sad
female,sad
female,sad
female,sad
female,sad
female,sad
female,sad
female,sad
female,sad
female,sad
female,sad
female,sad
female,sad
female,sad
female,sad
female,sad
female,sad
female,sad
female,sad
female,sad
female,sad
female,sad
female,sad
female,sad
female,sad
female,sad
female,sad
female,sad
female,sad
female,sad
female,sad
female,sad
female,sad
female,sad
female,sad
female,sad
female,sad
female,sad
female,sad
female,sad
female,sad
female,sad
female,sad
female,sad
female,sad
female,sad
female,sad
female,sad
female,sad
female,sad
female,sad
female,sad
female,sad
female,sad
female,sad
female,sad
female,sad
female,sad
female,sad
female,sad
female,sad
female,sad
female,sad
female,sad
female,sad
female,sad
female,sad
female,sad
female,sad
female,sad
female,sad
female,sad
female,sad
female,sad
female,sad
female,sad
female,sad
female,sad
female,sad
female,sad
female,sad
female,sad
female,sad
female,sad
female,sad
female,sad
female,sad
female,sad
female,sad
female,sad
female,sad
female,sad
female,sad
female,sad
female,sad
female,sad
female,sad
female,sad
female,sad
female,sad
female,sad
female,sad
female,sad
female,sad
female,sad
female,sad
female,sad
female,sad
female,sad
female,sad
female,sad
female,sad
female,sad
female,sad
female,sad
female,sad
female,sad
female,sad
female,sad
female,sad
female,sad
female,sad
female,sad
female,sad
female,sad
female,sad
female,sad
female,sad
female,sad
female,sad
female,sad
female,sad
female,sad
female,sad
female,sad
female,sad
female,sad
female,sad
female,sad
female,sad
female,sad
female,sad
female,sad
female,sad
female,sad
female,sad
female,sad
female,sad
female,sad
female,sad
female,sad
female,sad
female,sad
female,sad
female,sad
female,sad
female,sad
female,sad
female,sad
female,sad
female,sad
female,sad
female,sad
female,sad
female,sad
female,sad
female,sad
female,sad
female,sad
female,sad
female,sad
female,sad
female,sad
female,sad
female,sad
female,sad
female,sad
female,sad
female,sad
female,sad
female,sad
female,sad
female,sad
female,sad
female,sad
female,sad
female,sad
female,sad
female,sad
female,sad
female,sad
female,sad
female,sad
female,sad
female,sad
female,sad
female,sad
female,sad
female,sad
female,sad
female,sad
female,sad
female,sad
female,sad
female,sad
female,sad
female,sad
female,sad
female,sad
female,sad
female,sad
female,sad
female,sad
female,sad
female,sad
female,sad
female,sad
female,sad
female,sad
female,sad
female,sad
female,sad
female,sad
female,sad
female,sad
female,sad
female,sad
female,sad
female,sad
female,sad
female,sad
female,sad
female,sad
female,sad
female,sad
female,sad
female,sad
female,sad
female,sad
female,sad
female,sad
female,sad
female,sad
female,sad
female,sad
female,sad
female,sad
female,sad
female,sad
female,sad
female,sad
female,sad
female,sad
female,sad
female,sad
female,sad
female,sad
female,sad
female,sad
female,sad
female,sad
female,sad
female,sad
female,sad
female,sad
female,sad
female,sad
female,sad
female,sad
female,sad
female,sad
female,sad
female,sad
female,sad
female,sad
female,sad
female,sad
female,sad
female,sad
female,sad
female,sad
female,sad
female,sad
female,sad
female,sad
female,sad
female,sad
female,sad
female,sad
female,sad
female,sad
female,sad
female,sad
female,sad
female,sad
female,sad
female,sad
female,sad
female,sad
female,sad
female,sad
female,sad
female,sad
female,sad
female,sad
female,sad
female,sad
female,sad
female,sad
female,sad
female,sad
female,sad
female,sad
female,sad
female,sad
female,sad
female,sad
female,sad
female,sad
female,sad
female,sad
female,sad
female,sad
female,sad
female,sad
female,sad
female,sad
female,sad
female,sad
female,sad
female,sad
female,sad
female,sad
female,sad
female,sad
female,sad
female,sad
female,sad
female,sad
female,sad
female,sad
female,sad
female,sad
female,sad
female,sad
female,sad
female,sad
female,sad
female,sad
female,sad
female,sad
female,sad
female,sad
female,sad
female,sad
female,sad
female,sad
female,sad
female,sad
female,sad
female,sad
female,sad
female,sad
female,sad
female,sad
female,sad
female,sad
female,sad
female,sad
female,sad
female,sad
female,sad
female,sad
female,sad
female,sad
female,sad
female,sad
female,sad
female,sad
female,sad
female,sad
female,sad
female,sad
female,sad
female,sad
female,sad
female,sad
female,sad
female,sad
female,sad
female,sad
female,sad
female,sad
female,sad
female,sad
female,sad
female,sad
female,sad
female,sad
female,sad
female,sad
female,sad
female,sad
female,sad
female,sad
female,sad
female,sad
female,sad
female,sad
female,sad
female,sad
female,sad
female,sad
female,sad
female,sad
female,sad
female,sad
female,sad
female,sad
female,sad
female,sad
female,sad
female,sad
female,sad
female,sad
female,sad
female,sad
female,sad
female,sad
female,sad
female,sad
female,sad
female,sad
female,sad
female,sad
female,sad
female,sad
female,sad
female,sad
female,sad
female,sad
female,sad
female,sad
female,sad
female,sad
female,sad
female,sad
female,sad
female,sad
female,sad
female,sad
female,sad
female,sad
female,sad
female,sad
female,sad
female,sad
female,sad
female,sad
female,sad
female,sad
female,sad
female,sad
female,sad
female,sad
female,sad
female,sad
female,sad
female,sad
female,sad
female,sad
female,sad
female,sad
female,sad
female,sad
female,sad
female,sad
female,sad
female,sad
female,sad
female,sad
female,sad
female,sad
female,sad
female,sad
female,sad
female,sad
female,sad
female,sad
female,sad
female,sad
female,sad
female,sad
female,sad
female,sad
female,sad
female,sad
female,sad
female,sad
female,sad
female,sad
female,sad
female,sad
female,sad
female,sad
female,sad
female,sad
female,sad
female,sad
female,sad
female,sad
female,sad
female,sad
female,sad
female,sad
female,sad
female,sad
female,sad
female,sad
female,sad
female,sad
female,sad
female,sad
female,sad
female,sad
female,sad
female,sad
female,sad
female,sad
female,sad
female,sad
female,sad
female,sad
female,sad
female,sad
female,sad
female,sad
female,sad
female,sad
female,sad
female,sad
female,sad
female,sad
female,sad
female,sad
female,sad
female,sad
female,sad
female,sad
female,sad
female,sad
female,sad
female,sad
female,sad
female,sad
female,sad
female,sad
female,sad
female,sad
female,sad
female,sad
female,sad
female,sad
female,sad
female,sad
female,sad
female,sad
female,sad
female,sad
female,sad
female,sad
female,sad
female,sad
female,sad
female,sad
female,sad
female,sad
female,sad
female,sad
female,sad
female,sad
female,sad
female,sad
female,sad
female,sad
female,sad
female,sad
female,sad
female,sad
female,sad
female,sad
female,sad
female,sad
female,sad
female,sad
female,sad
female,sad
female,sad
female,sad
female,sad
female,sad
female,sad
female,sad
female,sad
female,sad
female,sad
female,sad
female,sad
female,sad
female,sad
female,sad
female,sad
female,sad
female,sad
female,sad
female,sad
female,sad
female,sad
female,sad
female,sad
female,sad
female,sad
female,sad
female,sad
female,sad
female,sad
female,sad
female,sad
female,sad
female,sad
female,sad
female,sad
female,sad
female,sad
female,sad
female,sad
female,sad
female,sad
female,sad
female,sad
female,sad
female,sad
female,sad
female,sad
female,sad
female,sad
female,sad
female,sad
female,sad
female,sad
female,sad
female,sad
female,sad
female,sad
female,sad
female,sad
female,sad
female,sad
female,sad
female,sad
female,sad
female,sad
female,sad
female,sad
female,sad
female,sad
female,sad
female,sad
female,sad
female,sad
female,sad
female,sad
female,sad
female,sad
female,sad
female,sad
female,sad
female,sad
female,sad
female,sad
female,sad
female,sad
female,sad
female,sad
female,sad
female,sad
female,sad
female,sad
female,sad
female,sad
female,sad
female,sad
female,sad
female,sad
female,sad
female,sad
female,sad
female,sad
female,sad
female,sad
female,sad
female,sad
female,sad
female,sad
female,sad
female,sad
female,sad
female,sad
female,sad
female,sad
female,sad
female,sad
female,sad
female,sad
female,sad
female,sad
female,sad
female,sad
female,sad
female,sad
female,sad
female,sad
female,sad
female,sad
female,sad
female,sad
female,sad
female,sad
female,sad
female,sad
female,sad
female,sad
female,sad
female,sad
female,sad
female,sad
female,sad
female,sad
female,sad
female,sad
female,sad
female,sad
female,sad
female,sad
female,sad
female,sad
female,sad
female,sad
female,sad
female,sad
female,sad
female,sad
female,sad
female,sad
female,sad
female,sad
female,sad
female,sad
female,sad
female,sad
female,sad
female,sad
female,sad
female,sad
female,sad
female,sad
female,sad
female,sad
female,sad
female,sad
female,sad
female,sad
female,sad
female,sad
female,sad
female,sad
female,sad
female,sad
female,sad
female,sad
female,sad
female,sad
female,sad
female,sad
female,sad
female,sad
female,sad
female,sad
female,sad
female,sad
female,sad
female,sad
female,sad
female,sad
female,sad
female,sad
female,sad
female,sad
female,sad
female,sad
female,sad
female,sad
female,sad
female,surprised
female,surprised
female,surprised
female,surprised
female,surprised
female,surprised
female,surprised
female,surprised
female,surprised
female,surprised
female,surprised
female,surprised
female,surprised
female,surprised
female,surprised
female,surprised
female,surprised
female,surprised
female,surprised
female,surprised
female,surprised
female,surprised
female,surprised
female,surprised
female,surprised
female,surprised
female,surprised
female,surprised
female,surprised
female,surprised
female,surprised
female,surprised
female,surprised
female,surprised
female,surprised
female,surprised
female,surprised
female,surprised
female,surprised
female,surprised
female,surprised
female,surprised
female,surprised
female,surprised
female,surprised
female,surprised
female,surprised
female,surprised
female,surprised
female,surprised
female,surprised
female,surprised
female,surprised
female,surprised
female,surprised
female,surprised
female,surprised
female,surprised
female,surprised
female,surprised
female,surprised
female,surprised
female,surprised
female,surprised
female,surprised
female,surprised
female,surprised
female,surprised
female,surprised
female,surprised
female,surprised
female,surprised
female,surprised
female,surprised
female,surprised
female,surprised
female,surprised
female,surprised
female,surprised
female,surprised
female,surprised
female,surprised
female,surprised
female,surprised
female,surprised
female,surprised
female,surprised
female,surprised
female,surprised
female,surprised
female,surprised
female,surprised
female,surprised
female,surprised
female,surprised
female,surprised
female,surprised
female,surprised
female,surprised
female,surprised
female,surprised
female,surprised
female,surprised
female,surprised
female,surprised
female,surprised
female,surprised
female,surprised
female,surprised
female,surprised
female,surprised
female,surprised
female,surprised
female,surprised
female,surprised
female,surprised
female,surprised
female,surprised
female,surprised
female,surprised
female,surprised
female,surprised
female,surprised
female,surprised
female,surprised
female,surprised
female,surprised
female,surprised
female,surprised
female,surprised
female,surprised
female,surprised
female,surprised
female,surprised
female,surprised
female,surprised
female,surprised
female,surprised
female,surprised
female,surprised
female,surprised
female,surprised
female,surprised
female,surprised
female,surprised
female,surprised
female,surprised
female,surprised
female,surprised
female,surprised
female,surprised
female,surprised
female,surprised
female,surprised
female,surprised
female,surprised
female,surprised
female,surprised
female,surprised
female,surprised
female,surprised
female,surprised
female,surprised
female,surprised
female,surprised
female,surprised
female,surprised
female,surprised
female,surprised
female,surprised
female,surprised
female,surprised
female,surprised
female,surprised
female,surprised
female,surprised
female,surprised
female,surprised
female,surprised
female,surprised
female,surprised
female,surprised
female,surprised
female,surprised
female,surprised
female,surprised
female,surprised
female,surprised
female,surprised
female,surprised
female,surprised
female,surprised
female,surprised
female,surprised
female,surprised
female,surprised
female,surprised
female,surprised
female,surprised
female,surprised
female,surprised
female,surprised
female,surprised
female,surprised
female,surprised
female,surprised
female,surprised
female,surprised
female,surprised
female,surprised
female,surprised
female,surprised
female,surprised
female,surprised
female,surprised
female,surprised
female,surprised
female,surprised
female,surprised
female,surprised
female,surprised
female,surprised
female,surprised
female,surprised
female,surprised
female,surprised
female,surprised
female,surprised
female,surprised
female,surprised
female,surprised
female,surprised
female,surprised
female,surprised
female,surprised
female,surprised
female,surprised
female,surprised
female,surprised
female,surprised
female,surprised
female,surprised
female,surprised
female,surprised
female,surprised
female,surprised
female,surprised
female,surprised
female,surprised
female,surprised
female,surprised
female,surprised
female,surprised
female,surprised
female,surprised
female,surprised
female,surprised
female,surprised
female,surprised
female,surprised
female,surprised
female,surprised
female,surprised
female,surprised
female,surprised
female,surprised
female,surprised
female,surprised
female,surprised
female,surprised
female,surprised
female,surprised
female,surprised
female,surprised
female,surprised
female,surprised
female,surprised
female,surprised
female,surprised
female,surprised
female,surprised
female,surprised
female,surprised
female,surprised
female,surprised
female,surprised
female,surprised
female,surprised
female,surprised
female,surprised
female,surprised
female,surprised
female,surprised
female,surprised
female,surprised
female,surprised
female,surprised
female,surprised
female,surprised
female,surprised
female,surprised
female,surprised
female,surprised
female,surprised
female,surprised
female,surprised
female,surprised
female,surprised
female,surprised
female,surprised
female,surprised
female,surprised
female,surprised
female,surprised
female,surprised
female,surprised
female,surprised
female,surprised
female,surprised
female,surprised
female,surprised
female,surprised
female,surprised
female,surprised
female,surprised
female,surprised
female,surprised
female,surprised
female,surprised
female,surprised
female,surprised
female,surprised
female,surprised
female,surprised
female,surprised
female,surprised
female,surprised
female,surprised
female,surprised
female,surprised
female,surprised
female,surprised
female,surprised
female,surprised
female,surprised
female,surprised
female,surprised
female,surprised
female,surprised
female,surprised
female,surprised
female,surprised
female,surprised
female,surprised
female,surprised
female,surprised
female,surprised
female,surprised
female,surprised
female,surprised
female,surprised
female,surprised
female,surprised
female,surprised
female,surprised
female,surprised
female,surprised
female,surprised
female,surprised
female,surprised
female,surprised
female,surprised
female,surprised
female,surprised
female,surprised
female,surprised
female,surprised
female,surprised
female,surprised
female,surprised
female,surprised
female,surprised
female,surprised
female,surprised
female,surprised
female,surprised
female,surprised
female,surprised
female,surprised
female,surprised
female,surprised
female,surprised
female,surprised
female,surprised
female,surprised
female,surprised
female,surprised
female,surprised
female,surprised
female,surprised
female,surprised
female,surprised
female,surprised
female,surprised
female,surprised
female,surprised
female,surprised
female,surprised
female,surprised
female,surprised
female,surprised
female,surprised
female,surprised
female,surprised
female,surprised
female,surprised
female,surprised
female,surprised
female,surprised
female,surprised
female,surprised
female,surprised
female,surprised
female,surprised
female,surprised
female,surprised
female,surprised
female,surprised
female,surprised
female,surprised
female,surprised
female,surprised
female,surprised
female,surprised
female,surprised
female,surprised
female,surprised
female,surprised
female,surprised
female,surprised
female,surprised
female,surprised
female,surprised
female,surprised
female,surprised
female,surprised
female,surprised
female,surprised
female,surprised
female,surprised
female,surprised
female,surprised
female,surprised
female,surprised
female,surprised
female,surprised
female,surprised
female,surprised
female,surprised
female,surprised
female,surprised
female,surprised
female,surprised
female,surprised
female,surprised
female,surprised
female,surprised
female,surprised
female,surprised
female,surprised
female,surprised
female,surprised
female,surprised
female,surprised
female,surprised
female,surprised
female,surprised
female,surprised
female,surprised
female,surprised
female,surprised
female,surprised
female,surprised
female,surprised
female,surprised
female,surprised
female,surprised
female,surprised
female,surprised
female,surprised
female,surprised
female,surprised
female,surprised
female,surprised
female,surprised
female,surprised
female,surprised
female,surprised
female,surprised
female,surprised
female,surprised
female,surprised
female,surprised
female,surprised
female,surprised
female,surprised
female,surprised
female,surprised
female,surprised
female,surprised
female,surprised
female,surprised
female,surprised
female,surprised
female,surprised
female,surprised
female,surprised
female,surprised
female,surprised
female,surprised
female,surprised
female,surprised
female,surprised
female,surprised
female,surprised
female,surprised
female,surprised
female,surprised
female,surprised
female,surprised
female,surprised
female,surprised
female,surprised
female,surprised
female,surprised
female,surprised
female,surprised
female,surprised
female,surprised
female,surprised
female,surprised
female,surprised
female,surprised
female,surprised
female,surprised
female,surprised
female,surprised
female,surprised
female,surprised
female,surprised
female,surprised
female,surprised
female,surprised
female,surprised
female,surprised
female,surprised
female,surprised
female,surprised
female,surprised
female,surprised
female,surprised
female,surprised
female,surprised
female,surprised
female,surprised
female,surprised
female,surprised
female,surprised
female,surprised
female,surprised
female,surprised
female,surprised
female,surprised
female,surprised
female,surprised
female,surprised
female,surprised
female,surprised
female,surprised
female,surprised
female,surprised
female,surprised
female,surprised
female,surprised
female,surprised
female,surprised
female,surprised
female,surprised
female,surprised
female,surprised
female,surprised
female,surprised
female,surprised
female,surprised
female,surprised
female,surprised
female,surprised
female,surprised
female,surprised
female,surprised
female,surprised
female,surprised
female,surprised
female,surprised
female,surprised
female,surprised
female,surprised
female,surprised
female,surprised
female,surprised
female,surprised
female,surprised
female,surprised
female,surprised
female,surprised
female,surprised
female,surprised
female,surprised
female,surprised
female,surprised
female,surprised
female,surprised
female,surprised
female,surprised
female,surprised
female,surprised
female,surprised
female,surprised
female,surprised
female,surprised
female,surprised
female,surprised
female,surprised
female,surprised
female,surprised
female,surprised
female,surprised
female,surprised
female,surprised
female,surprised
female,surprised
female,surprised
female,surprised
female,surprised
female,surprised
female,surprised
female,surprised
female,surprised
female,surprised
female,surprised
female,surprised
female,surprised
female,surprised
female,surprised
female,surprised
female,surprised
female,surprised
female,surprised
female,surprised
female,surprised
female,surprised
female,surprised
female,surprised
female,surprised
female,surprised
female,surprised
female,surprised
female,surprised
female,surprised
female,surprised
female,surprised
female,surprised
female,surprised
female,surprised
female,surprised
female,surprised
female,surprised
female,surprised
female,surprised
female,surprised
female,surprised
female,surprised
female,surprised
female,surprised
female,surprised
female,surprised
female,surprised
female,surprised
female,surprised
female,surprised
female,surprised
female,surprised
female,surprised
female,surprised
female,surprised
female,surprised
female,surprised
female,surprised
female,surprised
female,surprised
female,surprised
female,surprised
female,surprised
female,surprised
female,surprised
female,surprised
female,surprised
female,surprised
female,surprised
female,surprised
female,surprised
female,surprised
female,surprised
female,surprised
female,surprised
female,surprised
female,surprised
female,surprised
female,surprised
female,surprised
female,surprised
female,surprised
female,surprised
female,surprised
female,surprised
female,surprised
female,surprised
female,surprised
female,surprised
female,surprised
female,surprised
female,surprised
female,surprised
female,surprised
female,surprised
female,surprised
female,surprised
female,surprised
female,surprised
female,surprised
female,surprised
female,surprised
female,surprised
female,surprised
female,surprised
female,surprised
female,surprised
female,surprised
female,surprised
female,surprised
female,surprised
female,surprised
female,surprised
female,surprised
female,surprised
female,surprised
female,surprised
female,surprised
female,surprised
female,surprised
female,surprised
female,surprised
female,surprised
female,surprised
female,surprised
female,surprised
female,surprised
female,surprised
female,surprised
female,surprised
female,surprised
female,surprised
female,surprised
female,surprised
female,surprised
female,surprised
female,surprised
female,surprised
female,surprised
female,surprised
female,surprised
female,surprised
female,surprised
female,surprised
female,surprised
female,surprised
female,surprised
female,surprised
female,surprised
female,surprised
female,surprised
female,surprised
female,surprised
female,surprised
female,surprised
female,surprised
female,surprised
female,surprised
female,surprised
female,surprised
female,surprised
female,surprised
female,surprised
female,surprised
female,surprised
female,surprised
female,surprised
female,surprised
female,surprised
female,surprised
female,surprised
female,surprised
female,surprised
female,surprised
female,surprised
female,surprised
female,surprised
female,surprised
female,surprised
female,surprised
female,surprised
female,surprised
female,surprised
female,surprised
female,surprised
female,surprised
female,surprised
female,surprised
female,surprised
female,surprised
female,surprised
female,surprised
female,surprised
female,surprised
female,surprised
female,surprised
female,surprised
female,surprised
female,surprised
female,surprised
female,surprised
female,surprised
female,surprised
female,surprised
female,surprised
female,surprised
female,surprised
female,surprised
female,surprised
female,surprised
female,surprised
female,surprised
female,surprised
female,surprised
female,surprised
female,surprised
female,surprised
female,surprised
female,surprised
female,surprised
female,surprised
female,surprised
female,surprised
female,surprised
female,surprised
female,surprised
female,surprised
female,surprised
female,surprised
female,surprised
female,surprised
female,surprised
female,surprised
female,surprised
female,surprised
female,surprised
female,surprised
female,surprised
female,surprised
female,surprised
female,surprised
female,surprised
female,surprised
female,surprised
female,surprised
female,surprised
female,surprised
female,surprised
female,surprised
female,surprised
female,surprised
female,surprised
female,surprised
female,surprised
female,surprised
female,surprised
female,surprised
female,surprised
female,surprised
female,surprised
female,surprised
female,surprised
female,surprised
female,surprised
female,surprised
female,surprised
female,surprised
female,surprised
female,surprised
female,surprised
female,surprised
female,surprised
female,surprised
female,surprised
female,surprised
female,surprised
female,surprised
female,surprised
female,surprised
female,surprised
female,surprised
female,surprised
female,surprised
female,surprised
female,surprised
female,surprised
female,surprised
female,surprised
female,surprised
female,surprised
female,surprised
female,surprised
female,surprised
female,surprised
female,surprised
female,surprised
female,surprised
female,surprised
female,surprised
female,surprised
female,surprised
female,surprised
female,surprised
female,surprised
female,surprised
female,surprised
female,surprised
female,surprised
female,surprised
female,surprised
female,surprised
female,surprised
female,surprised
female,surprised
female,surprised
female,surprised
female,surprised
female,surprised
female,surprised
female,surprised
female,surprised
female,surprised
female,surprised
female,surprised
female,surprised
female,surprised
female,surprised
female,surprised
female,surprised
female,surprised
female,surprised
female,surprised
female,surprised
female,surprised
female,surprised
female,surprised
female,surprised
female,surprised
female,surprised
female,surprised
female,surprised
female,surprised
female,surprised
female,surprised
female,surprised
female,surprised
female,surprised
female,surprised
female,surprised
female,surprised
female,surprised
female,surprised
female,surprised
female,surprised
female,surprised
female,surprised
female,surprised
female,surprised
female,surprised
female,surprised
male,happy
male,happy
male,happy
male,happy
male,happy
male,happy
male,happy
male,happy
male,happy
male,happy
male,happy
male,happy
male,happy
male,happy
male,happy
male,happy
male,happy
male,happy
male,happy
male,happy
male,happy
male,happy
male,happy
male,happy
male,happy
male,happy
male,happy
male,happy
male,happy
male,happy
male,happy
male,happy
male,happy
male,happy
male,happy
male,happy
male,happy
male,happy
male,happy
male,happy
male,happy
male,happy
male,happy
male,happy
male,happy
male,happy
male,happy
male,happy
male,happy
male,happy
male,happy
male,happy
male,happy
male,happy
male,happy
male,happy
male,happy
male,happy
male,happy
male,happy
male,happy
male,happy
male,happy
male,happy
male,happy
male,happy
male,happy
male,happy
male,happy
male,happy
male,happy
male,happy
male,happy
male,happy
male,happy
male,happy
male,happy
male,happy
male,happy
male,happy
male,happy
male,happy
male,happy
male,happy
male,happy
male,happy
male,happy
male,happy
male,happy
male,happy
male,happy
male,happy
male,happy
male,happy
male,happy
male,happy
male,happy
male,happy
male,happy
male,happy
male,happy
male,happy
male,happy
male,happy
male,happy
male,happy
male,happy
male,happy
male,happy
male,happy
male,happy
male,happy
male,happy
male,happy
male,happy
male,happy
male,happy
male,happy
male,happy
male,happy
male,happy
male,happy
male,happy
male,happy
male,happy
male,happy
male,happy
male,happy
male,happy
male,happy
male,happy
male,happy
male,happy
male,happy
male,happy
male,happy
male,happy
male,happy
male,happy
male,happy
male,happy
male,happy
male,happy
male,happy
male,happy
male,happy
male,happy
male,happy
male,happy
male,happy
male,happy
male,happy
male,happy
male,happy
male,happy
male,happy
male,happy
male,happy
male,happy
male,happy
male,happy
male,happy
male,happy
male,happy
male,happy
male,happy
male,happy
male,happy
male,happy
male,happy
male,happy
male,happy
male,happy
male,happy
male,happy
male,happy
male,happy
male,happy
male,happy
male,happy
male,happy
male,happy
male,happy
male,happy
male,happy
male,happy
male,happy
male,happy
male,happy
male,happy
male,happy
male,happy
male,happy
male,happy
male,happy
male,happy
male,happy
male,happy
male,happy
male,happy
male,happy
male,happy
male,happy
male,happy
male,happy
male,happy
male,happy
male,happy
male,happy
male,happy
male,happy
male,happy
male,happy
male,happy
male,happy
male,happy
male,happy
male,happy
male,happy
male,happy
male,happy
male,happy
male,happy
male,happy
male,happy
male,happy
male,happy
male,happy
male,happy
male,happy
male,happy
male,happy
male,happy
male,happy
male,happy
male,happy
male,happy
male,happy
male,happy
male,happy
male,happy
male,happy
male,happy
male,happy
male,happy
male,happy
male,happy
male,happy
male,happy
male,happy
male,happy
male,happy
male,happy
male,happy
male,happy
male,happy
male,happy
male,happy
male,happy
male,happy
male,happy
male,happy
male,happy
male,happy
male,happy
male,happy
male,happy
male,happy
male,happy
male,happy
male,happy
male,happy
male,happy
male,happy
male,happy
male,happy
male,happy
male,happy
male,happy
male,happy
male,happy
male,happy
male,happy
male,happy
male,happy
male,happy
male,happy
male,happy
male,happy
male,happy
male,happy
male,happy
male,happy
male,happy
male,happy
male,happy
male,happy
male,happy
male,happy
male,happy
male,happy
male,happy
male,happy
male,happy
male,happy
male,happy
male,happy
male,happy
male,happy
male,happy
male,happy
male,happy
male,happy
male,happy
male,happy
male,happy
male,happy
male,happy
male,happy
male,happy
male,happy
male,happy
male,happy
male,happy
male,happy
male,happy
male,happy
male,happy
male,happy
male,happy
male,happy
male,happy
male,happy
male,happy
male,happy
male,happy
male,happy
male,happy
male,happy
male,happy
male,happy
male,happy
male,happy
male,happy
male,happy
male,happy
male,happy
male,happy
male,happy
male,happy
male,happy
male,happy
male,happy
male,happy
male,happy
male,happy
male,happy
male,happy
male,happy
male,happy
male,happy
male,happy
male,happy
male,happy
male,happy
male,happy
male,happy
male,happy
male,happy
male,happy
male,happy
male,happy
male,happy
male,happy
male,happy
male,happy
male,happy
male,happy
male,happy
male,happy
male,happy
male,happy
male,happy
male,happy
male,happy
male,happy
male,happy
male,happy
male,happy
male,happy
male,happy
male,happy
male,happy
male,happy
male,happy
male,happy
male,happy
male,happy
male,happy
male,happy
male,happy
male,happy
male,happy
male,happy
male,happy
male,happy
male,happy
male,happy
male,happy
male,happy
male,happy
male,happy
male,happy
male,happy
male,happy
male,happy
male,happy
male,happy
male,happy
male,happy
male,happy
male,happy
male,happy
male,happy
male,happy
male,happy
male,happy
male,happy
male,happy
male,happy
male,happy
male,happy
male,happy
male,happy
male,happy
male,happy
male,happy
male,happy
male,happy
male,happy
male,happy
male,happy
male,happy
male,happy
male,happy
male,happy
male,happy
male,happy
male,happy
male,happy
male,happy
male,happy
male,happy
male,happy
male,happy
male,happy
male,happy
male,happy
male,happy
male,happy
male,happy
male,happy
male,happy
male,happy
male,happy
male,happy
male,happy
male,happy
male,happy
male,happy
male,happy
male,happy
male,happy
male,happy
male,happy
male,happy
male,happy
male,happy
male,happy
male,happy
male,happy
male,happy
male,happy
male,happy
male,happy
male,happy
male,happy
male,happy
male,happy
male,happy
male,happy
male,happy
male,happy
male,happy
male,happy
male,happy
male,happy
male,happy
male,happy
male,happy
male,happy
male,happy
male,happy
male,happy
male,happy
male,happy
male,happy
male,happy
male,happy
male,happy
male,happy
male,happy
male,happy
male,happy
male,happy
male,happy
male,happy
male,happy
male,happy
male,happy
male,happy
male,happy
male,happy
male,happy
male,happy
male,happy
male,happy
male,happy
male,happy
male,happy
male,happy
male,happy
male,happy
male,happy
male,happy
male,happy
male,happy
male,happy
male,happy
male,happy
male,happy
male,happy
male,happy
male,happy
male,happy
male,happy
male,happy
male,happy
male,happy
male,happy
male,happy
male,happy
male,happy
male,happy
male,happy
male,happy
male,happy
male,happy
male,happy
male,happy
male,happy
male,happy
male,happy
male,happy
male,happy
male,happy
male,happy
male,happy
male,happy
male,happy
male,happy
male,happy
male,happy
male,happy
male,happy
male,happy
male,happy
male,happy
male,happy
male,happy
male,happy
male,happy
male,happy
male,happy
male,happy
male,happy
male,happy
male,happy
male,happy
male,happy
male,happy
male,happy
male,happy
male,happy
male,happy
male,happy
male,happy
male,happy
male,happy
male,happy
male,happy
male,happy
male,happy
male,happy
male,happy
male,happy
male,happy
male,happy
male,happy
male,happy
male,happy
male,happy
male,happy
male,happy
male,happy
male,happy
male,happy
male,happy
male,happy
male,happy
male,happy
male,happy
male,happy
male,happy
male,happy
male,happy
male,happy
male,happy
male,happy
male,happy
male,happy
male,happy
male,happy
male,happy
male,happy
male,happy
male,happy
male,happy
male,happy
male,happy
male,happy
male,happy
male,happy
male,happy
male,happy
male,happy
male,happy
male,happy
male,happy
male,happy
male,happy
male,happy
male,happy
male,happy
male,happy
male,happy
male,happy
male,happy
male,happy
male,happy
male,happy
male,happy
male,happy
male,happy
male,happy
male,happy
male,happy
male,happy
male,happy
male,happy
male,happy
male,happy
male,happy
male,happy
male,happy
male,happy
male,happy
male,happy
male,happy
male,happy
male,happy
male,happy
male,happy
male,happy
male,happy
male,happy
male,happy
male,happy
male,happy
male,happy
male,happy
male,happy
male,happy
male,happy
male,happy
male,happy
male,happy
male,happy
male,happy
male,happy
male,happy
male,happy
male,happy
male,happy
male,happy
male,happy
male,happy
male,happy
male,happy
male,happy
male,happy
male,happy
male,happy
male,happy
male,happy
male,happy
male,happy
male,happy
male,happy
male,happy
male,happy
male,happy
male,happy
male,happy
male,happy
male,happy
male,happy
male,happy
male,happy
male,happy
male,happy
male,happy
male,happy
male,happy
male,happy
male,happy
male,happy
male,happy
male,happy
male,happy
male,happy
male,happy
male,happy
male,happy
male,happy
male,happy
male,happy
male,happy
male,happy
male,happy
male,happy
male,happy
male,happy
male,happy
male,happy
male,happy
male,happy
male,happy
male,happy
male,happy
male,happy
male,happy
male,happy
male,happy
male,happy
male,happy
male,happy
male,happy
male,happy
male,happy
male,happy
male,happy
male,happy
male,happy
male,happy
male,happy
male,happy
male,happy
male,happy
male,happy
male,happy
male,happy
male,happy
male,happy
male,happy
male,happy
male,happy
male,happy
male,happy
male,happy
male,happy
male,happy
male,happy
male,happy
male,happy
male,happy
male,happy
male,happy
male,happy
male,happy
male,happy
male,happy
male,happy
male,happy
male,happy
male,happy
male,happy
male,happy
male,happy
male,happy
male,happy
male,happy
male,happy
male,happy
male,happy
male,happy
male,happy
male,happy
male,happy
male,happy
male,happy
male,happy
male,happy
male,happy
male,happy
male,happy
male,happy
male,happy
male,happy
male,happy
male,happy
male,happy
male,happy
male,happy
male,happy
male,happy
male,happy
male,happy
male,happy
male,happy
male,happy
male,happy
male,happy
male,happy
male,happy
male,happy
male,happy
male,happy
male,happy
male,happy
male,happy
male,happy
male,happy
male,happy
male,happy
male,happy
male,happy
male,happy
male,happy
male,happy
male,happy
male,happy
male,happy
male,happy
male,happy
male,happy
male,happy
male,happy
male,happy
male,happy
male,happy
male,happy
male,happy
male,happy
male,happy
male,happy
male,happy
male,happy
male,happy
male,happy
male,happy
male,happy
male,happy
male,happy
male,happy
male,happy
male,happy
male,happy
male,happy
male,happy
male,happy
male,happy
male,happy
male,happy
male,happy
male,happy
male,happy
male,happy
male,happy
male,happy
male,happy
male,happy
male,happy
male,happy
male,happy
male,happy
male,happy
male,happy
male,happy
male,happy
male,happy
male,happy
male,happy
male,happy
male,happy
male,happy
male,happy
male,happy
male,happy
male,happy
male,happy
male,happy
male,happy
male,happy
male,happy
male,happy
male,happy
male,happy
male,happy
male,happy
male,happy
male,happy
male,happy
male,happy
male,happy
male,happy
male,happy
male,happy
male,happy
male,happy
male,happy
male,happy
male,happy
male,happy
male,happy
male,happy
male,happy
male,happy
male,happy
male,happy
male,happy
male,happy
male,happy
male,happy
male,happy
male,happy
male,happy
male,happy
male,happy
male,happy
male,happy
male,happy
male,happy
male,happy
male,happy
male,happy
male,happy
male,happy
male,happy
male,happy
male,happy
male,happy
male,happy
male,happy
male,happy
male,happy
male,happy
male,happy
male,happy
male,happy
male,happy
male,happy
male,happy
male,happy
male,happy
male,happy
male,happy
male,happy
male,happy
male,happy
male,happy
male,happy
male,happy
male,happy
male,happy
male,happy
male,happy
male,happy
male,happy
male,happy
male,sad
male,sad
male,sad
male,sad
male,sad
male,sad
male,sad
male,sad
male,sad
male,sad
male,sad
male,sad
male,sad
male,sad
male,sad
male,sad
male,sad
male,sad
male,sad
male,sad
male,sad
male,sad
male,sad
male,sad
male,sad
male,sad
male,sad
male,sad
male,sad
male,sad
male,sad
male,sad
male,sad
male,sad
male,sad
male,sad
male,sad
male,sad
male,sad
male,sad
male,sad
male,sad
male,sad
male,sad
male,sad
male,sad
male,sad
male,sad
male,sad
male,sad
male,sad
male,sad
male,sad
male,sad
male,sad
male,sad
male,sad
male,sad
male,sad
male,sad
male,sad
male,sad
male,sad
male,sad
male,sad
male,sad
male,sad
male,sad
male,sad
male,sad
male,sad
male,sad
male,sad
male,sad
male,sad
male,sad
male,sad
male,sad
male,sad
male,sad
male,sad
male,sad
male,sad
male,sad
male,sad
male,sad
male,sad
male,sad
male,sad
male,sad
male,sad
male,sad
male,sad
male,sad
male,sad
male,sad
male,sad
male,sad
male,sad
male,sad
male,sad
male,sad
male,sad
male,sad
male,sad
male,sad
male,sad
male,sad
male,sad
male,sad
male,sad
male,sad
male,sad
male,sad
male,sad
male,sad
male,sad
male,sad
male,sad
male,sad
male,sad
male,sad
male,sad
male,sad
male,sad
male,sad
male,sad
male,sad
male,sad
male,sad
male,sad
male,sad
male,sad
male,sad
male,sad
male,sad
male,sad
male,sad
male,sad
male,sad
male,sad
male,sad
male,sad
male,sad
male,sad
male,sad
male,sad
male,sad
male,sad
male,sad
male,sad
male,sad
male,sad
male,sad
male,sad
male,sad
male,sad
male,sad
male,sad
male,sad
male,sad
male,sad
male,sad
male,sad
male,sad
male,sad
male,sad
male,sad
male,sad
male,sad
male,sad
male,sad
male,sad
male,sad
male,sad
male,sad
male,sad
male,sad
male,sad
male,sad
male,sad
male,sad
male,sad
male,sad
male,sad
male,sad
male,sad
male,sad
male,sad
male,sad
male,sad
male,sad
male,sad
male,sad
male,sad
male,sad
male,sad
male,sad
male,sad
male,sad
male,sad
male,sad
male,sad
male,sad
male,sad
male,sad
male,sad
male,sad
male,sad
male,sad
male,sad
male,sad
male,sad
male,sad
male,sad
male,sad
male,sad
male,sad
male,sad
male,sad
male,sad
male,sad
male,sad
male,sad
male,sad
male,sad
male,sad
male,sad
male,sad
male,sad
male,sad
male,sad
male,sad
male,sad
male,sad
male,sad
male,sad
male,sad
male,sad
male,sad
male,sad
male,sad
male,sad
male,sad
male,sad
male,sad
male,sad
male,sad
male,sad
male,sad
male,sad
male,sad
male,sad
male,sad
male,sad
male,sad
male,sad
male,sad
male,sad
male,sad
male,sad
male,sad
male,sad
male,sad
male,sad
male,sad
male,sad
male,sad
male,sad
male,sad
male,sad
male,sad
male,sad
male,sad
male,sad
male,sad
male,sad
male,sad
male,sad
male,sad
male,sad
male,sad
male,sad
male,sad
male,sad
male,sad
male,sad
male,sad
male,sad
male,sad
male,sad
male,sad
male,sad
male,sad
male,sad
male,sad
male,sad
male,sad
male,sad
male,sad
male,sad
male,sad
male,sad
male,sad
male,sad
male,sad
male,sad
male,sad
male,sad
male,sad
male,sad
male,sad
male,sad
male,sad
male,sad
male,sad
male,sad
male,sad
male,sad
male,sad
male,sad
male,sad
male,sad
male,sad
male,sad
male,sad
male,sad
male,sad
male,sad
male,sad
male,sad
male,sad
male,sad
male,sad
male,sad
male,sad
male,sad
male,sad
male,sad
male,sad
male,sad
male,sad
male,sad
male,sad
male,sad
male,sad
male,sad
male,sad
male,sad
male,sad
male,sad
male,sad
male,sad
male,sad
male,sad
male,sad
male,sad
male,sad
male,sad
male,sad
male,sad
male,sad
male,sad
male,sad
male,sad
male,sad
male,sad
male,sad
male,sad
male,sad
male,sad
male,sad
male,sad
male,sad
male,sad
male,sad
male,sad
male,sad
male,sad
male,sad
male,sad
male,sad
male,sad
male,sad
male,sad
male,sad
male,sad
male,sad
male,sad
male,sad
male,sad
male,sad
male,sad
male,sad
male,sad
male,sad
male,sad
male,sad
male,sad
male,sad
male,sad
male,sad
male,sad
male,sad
male,sad
male,sad
male,sad
male,sad
male,sad
male,sad
male,sad
male,sad
male,sad
male,sad
male,sad
male,sad
male,sad
male,sad
male,sad
male,sad
male,sad
male,sad
male,sad
male,sad
male,sad
male,sad
male,sad
male,sad
male,sad
male,sad
male,sad
male,sad
male,sad
male,sad
male,sad
male,sad
male,sad
male,sad
male,sad
male,sad
male,sad
male,sad
male,sad
male,sad
male,sad
male,sad
male,sad
male,sad
male,sad
male,sad
male,sad
male,sad
male,sad
male,sad
male,sad
male,sad
male,sad
male,sad
male,sad
male,sad
male,sad
male,sad
male,sad
male,sad
male,sad
male,sad
male,sad
male,sad
male,sad
male,sad
male,sad
male,sad
male,sad
male,sad
male,sad
male,sad
male,sad
male,sad
male,sad
male,sad
male,sad
male,sad
male,sad
male,sad
male,sad
male,sad
male,sad
male,sad
male,sad
male,sad
male,sad
male,sad
male,sad
male,sad
male,sad
male,sad
male,sad
male,sad
male,sad
male,sad
male,sad
male,sad
male,sad
male,sad
male,sad
male,sad
male,sad
male,sad
male,sad
male,sad
male,sad
male,sad
male,sad
male,sad
male,sad
male,sad
male,sad
male,sad
male,sad
male,sad
male,sad
male,sad
male,sad
male,sad
male,sad
male,sad
male,sad
male,sad
male,sad
male,sad
male,sad
male,sad
male,sad
male,sad
male,sad
male,sad
male,sad
male,sad
male,sad
male,sad
male,sad
male,sad
male,sad
male,sad
male,sad
male,sad
male,sad
male,sad
male,sad
male,sad
male,sad
male,sad
male,sad
male,sad
male,sad
male,sad
male,sad
male,sad
male,sad
male,sad
male,sad
male,sad
male,sad
male,sad
male,sad
male,sad
male,sad
male,sad
male,sad
male,sad
male,sad
male,sad
male,sad
male,sad
male,sad
male,sad
male,sad
male,sad
male,sad
male,sad
male,sad
male,sad
male,sad
male,sad
male,sad
male,sad
male,sad
male,sad
male,sad
male,sad
male,sad
male,sad
male,sad
male,sad
male,sad
male,sad
male,sad
male,sad
male,sad
male,sad
male,sad
male,sad
male,sad
male,sad
male,sad
male,sad
male,sad
male,sad
male,sad
male,sad
male,sad
male,sad
male,sad
male,sad
male,sad
male,sad
male,sad
male,sad
male,sad
male,sad
male,sad
male,sad
male,sad
male,sad
male,sad
male,sad
male,sad
male,sad
male,sad
male,sad
male,sad
male,sad
male,sad
male,sad
male,sad
male,sad
male,sad
male,sad
male,sad
male,sad
male,sad
male,sad
male,sad
male,sad
male,sad
male,sad
male,sad
male,sad
male,sad
male,sad
male,sad
male,sad
male,sad
male,sad
male,sad
male,sad
male,sad
male,sad
male,sad
male,sad
male,sad
male,sad
male,sad
male,sad
male,sad
male,sad
male,sad
male,sad
male,sad
male,sad
male,sad
male,sad
male,sad
male,sad
male,sad
male,sad
male,sad
male,sad
male,sad
male,sad
male,sad
male,sad
male,sad
male,sad
male,sad
male,sad
male,sad
male,sad
male,sad
male,sad
male,sad
male,sad
male,sad
male,sad
male,sad
male,sad
male,sad
male,sad
male,sad
male,sad
male,sad
male,sad
male,sad
male,sad
male,sad
male,sad
male,sad
male,sad
male,sad
male,sad
male,sad
male,sad
male,sad
male,sad
male,sad
male,sad
male,sad
male,sad
male,sad
male,sad
male,sad
male,sad
male,sad
male,sad
male,sad
male,sad
male,sad
male,sad
male,sad
male,sad
male,sad
male,sad
male,sad
male,sad
male,sad
male,sad
male,sad
male,sad
male,sad
male,sad
male,sad
male,sad
male,sad
male,sad
male,sad
male,sad
male,sad
male,sad
male,sad
male,sad
male,sad
male,sad
male,sad
male,sad
male,sad
male,sad
male,sad
male,sad
male,sad
male,sad
male,sad
male,sad
male,sad
male,sad
male,sad
male,sad
male,sad
male,sad
male,sad
male,sad
male,sad
male,sad
male,sad
male,sad
male,sad
male,sad
male,sad
male,sad
male,sad
male,sad
male,sad
male,sad
male,sad
male,sad
male,sad
male,sad
male,sad
male,sad
male,sad
male,sad
male,sad
male,sad
male,sad
male,sad
male,sad
male,sad
male,sad
male,sad
male,sad
male,sad
male,sad
male,sad
male,sad
male,sad
male,sad
male,sad
male,sad
male,sad
male,sad
male,sad
male,sad
male,sad
male,sad
male,sad
male,sad
male,sad
male,sad
male,sad
male,sad
male,sad
male,sad
male,sad
male,sad
male,sad
male,sad
male,sad
male,sad
male,sad
male,sad
male,sad
male,sad
male,sad
male,sad
male,sad
male,sad
male,sad
male,sad
male,sad
male,sad
male,sad
male,sad
male,sad
male,sad
male,sad
male,sad
male,sad
male,sad
male,sad
male,sad
male,sad
male,sad
male,sad
male,sad
male,sad
male,sad
male,sad
male,sad
male,sad
male,sad
male,sad
male,sad
male,sad
male,sad
male,sad
male,sad
male,sad
male,sad
male,sad
male,sad
male,sad
male,sad
male,sad
male,sad
male,sad
male,sad
male,sad
male,sad
male,sad
male,sad
male,sad
male,sad
male,sad
male,sad
male,sad
male,sad
male,sad
male,sad
male,sad
male,sad
male,sad
male,sad
male,sad
male,sad
male,sad
male,sad
male,sad
male,sad
male,sad
male,sad
male,sad
male,sad
male,sad
male,sad
male,sad
male,sad
male,sad
male,sad
male,sad
male,sad
male,sad
male,sad
male,sad
male,sad
male,sad
male,sad
male,sad
male,sad
male,sad
male,sad
male,sad
male,sad
male,sad
male,sad
male,sad
male,sad
male,sad
male,sad
male,sad
male,sad
male,sad
male,sad
male,sad
male,sad
male,sad
male,sad
male,sad
male,sad
male,sad
male,sad
male,sad
male,sad
male,sad
male,sad
male,sad
male,sad
male,sad
male,sad
male,sad
male,sad
male,sad
male,sad
male,sad
male,sad
male,sad
male,sad
male,sad
male,sad
male,sad
male,sad
male,sad
male,sad
male,sad
male,sad
male,sad
male,sad
male,sad
male,sad
male,sad
male,sad
male,sad
male,sad
male,sad
male,sad
male,sad
male,sad
male,sad
male,sad
male,sad
male,sad
male,sad
male,sad
male,sad
male,sad
male,sad
male,sad
male,sad
male,sad
male,sad
male,sad
male,sad
male,sad
male,sad
male,sad
male,sad
male,sad
male,sad
male,sad
male,sad
male,sad
male,sad
male,surprised
male,surprised
male,surprised
male,surprised
male,surprised
male,surprised
male,surprised
male,surprised
male,surprised
male,surprised
male,surprised
male,surprised
male,surprised
male,surprised
male,surprised
male,surprised
male,surprised
male,surprised
male,surprised
male,surprised
male,surprised
male,surprised
male,surprised
male,surprised
male,surprised
male,surprised
male,surprised
male,surprised
male,surprised
male,surprised
male,surprised
male,surprised
male,surprised
male,surprised
male,surprised
male,surprised
male,surprised
male,surprised
male,surprised
male,surprised
male,surprised
male,surprised
male,surprised
male,surprised
male,surprised
male,surprised
male,surprised
male,surprised
male,surprised
male,surprised
male,surprised
male,surprised
male,surprised
male,surprised
male,surprised
male,surprised
male,surprised
male,surprised
male,surprised
male,surprised
male,surprised
male,surprised
male,surprised
male,surprised
male,surprised
male,surprised
male,surprised
male,surprised
male,surprised
male,surprised
male,surprised
male,surprised
male,surprised
male,surprised
male,surprised
male,surprised
male,surprised
male,surprised
male,surprised
male,surprised
male,surprised
male,surprised
male,surprised
male,surprised
male,surprised
male,surprised
male,surprised
male,surprised
male,surprised
male,surprised
male,surprised
male,surprised
male,surprised
male,surprised
male,surprised
male,surprised
male,surprised
male,surprised
male,surprised
male,surprised
male,surprised
male,surprised
male,surprised
male,surprised
male,surprised
male,surprised
male,surprised
male,surprised
male,surprised
male,surprised
male,surprised
male,surprised
male,surprised
male,surprised
male,surprised
male,surprised
male,surprised
male,surprised
male,surprised
male,surprised
male,surprised
male,surprised
male,surprised
male,surprised
male,surprised
male,surprised
male,surprised
male,surprised
male,surprised
male,surprised
male,surprised
male,surprised
male,surprised
male,surprised
male,surprised
male,surprised
male,surprised
male,surprised
male,surprised
male,surprised
male,surprised
male,surprised
male,surprised
male,surprised
male,surprised
male,surprised
male,surprised
male,surprised
male,surprised
male,surprised
male,surprised
male,surprised
male,surprised
male,surprised
male,surprised
male,surprised
male,surprised
male,surprised
male,surprised
male,surprised
male,surprised
male,surprised
male,surprised
male,surprised
male,surprised
male,surprised
male,surprised
male,surprised
male,surprised
male,surprised
male,surprised
male,surprised
male,surprised
male,surprised
male,surprised
male,surprised
male,surprised
male,surprised
male,surprised
male,surprised
male,surprised
male,surprised
male,surprised
male,surprised
male,surprised
male,surprised
male,surprised
male,surprised
male,surprised
male,surprised
male,surprised
male,surprised
male,surprised
male,surprised
male,surprised
male,surprised
male,surprised
male,surprised
male,surprised
male,surprised
male,surprised
male,surprised
male,surprised
male,surprised
male,surprised
male,surprised
male,surprised
male,surprised
male,surprised
male,surprised
male,surprised
male,surprised
male,surprised
male,surprised
male,surprised
male,surprised
male,surprised
male,surprised
male,surprised
male,surprised
male,surprised
male,surprised
male,surprised
male,surprised
male,surprised
male,surprised
male,surprised
male,surprised
male,surprised
male,surprised
male,surprised
male,surprised
male,surprised
male,surprised
male,surprised
male,surprised
male,surprised
male,surprised
male,surprised
male,surprised
male,surprised
male,surprised
male,surprised
male,surprised
male,surprised
male,surprised
male,surprised
male,surprised
male,surprised
male,surprised
male,surprised
male,surprised
male,surprised
male,surprised
male,surprised
male,surprised
male,surprised
male,surprised
male,surprised
male,surprised
male,surprised
male,surprised
male,surprised
male,surprised
male,surprised
male,surprised
male,surprised
male,surprised
male,surprised
male,surprised
male,surprised
male,surprised
male,surprised
male,surprised
male,surprised
male,surprised
male,surprised
male,surprised
male,surprised
male,surprised
male,surprised
male,surprised
male,surprised
male,surprised
male,surprised
male,surprised
male,surprised
male,surprised
male,surprised
male,surprised
male,surprised
male,surprised
male,surprised
male,surprised
male,surprised
male,surprised
male,surprised
male,surprised
male,surprised
male,surprised
male,surprised
male,surprised
male,surprised
male,surprised
male,surprised
male,surprised
male,surprised
male,surprised
male,surprised
male,surprised
male,surprised
male,surprised
male,surprised
male,surprised
male,surprised
male,surprised
male,surprised
male,surprised
male,surprised
male,surprised
male,surprised
male,surprised
male,surprised
male,surprised
male,surprised
male,surprised
male,surprised
male,surprised
male,surprised
male,surprised
male,surprised
male,surprised
male,surprised
male,surprised
male,surprised
male,surprised
male,surprised
male,surprised
male,surprised
male,surprised
male,surprised
male,surprised
male,surprised
male,surprised
male,surprised
male,surprised
male,surprised
male,surprised
male,surprised
male,surprised
male,surprised
male,surprised
male,surprised
male,surprised
male,surprised
male,surprised
male,surprised
male,surprised
male,surprised
male,surprised
male,surprised
male,surprised
male,surprised
male,surprised
male,surprised
male,surprised
male,surprised
male,surprised
male,surprised
male,surprised
male,surprised
male,surprised
male,surprised
male,surprised
male,surprised
male,surprised
male,surprised
male,surprised
male,surprised
male,surprised
male,surprised
male,surprised
male,surprised
male,surprised
male,surprised
male,surprised
male,surprised
male,surprised
male,surprised
male,surprised
male,surprised
male,surprised
male,surprised
male,surprised
male,surprised
male,surprised
male,surprised
male,surprised
male,surprised
male,surprised
male,surprised
male,surprised
male,surprised
male,surprised
male,surprised
male,surprised
male,surprised
male,surprised
male,surprised
male,surprised
male,surprised
male,surprised
male,surprised
male,surprised
male,surprised
male,surprised
male,surprised
male,surprised
male,surprised
male,surprised
male,surprised
male,surprised
male,surprised
male,surprised
male,surprised
male,surprised
male,surprised
male,surprised
male,surprised
male,surprised
male,surprised
male,surprised
male,surprised
male,surprised
male,surprised
male,surprised
male,surprised
male,surprised
male,surprised
male,surprised
male,surprised
male,surprised
male,surprised
male,surprised
male,surprised
male,surprised
male,surprised
male,surprised
male,surprised
male,surprised
male,surprised
male,surprised
male,surprised
male,surprised
male,surprised
male,surprised
male,surprised
male,surprised
male,surprised
male,surprised
male,surprised
male,surprised
male,surprised
male,surprised
male,surprised
male,surprised
male,surprised
male,surprised
male,surprised
male,surprised
male,surprised
male,surprised
male,surprised
male,surprised
male,surprised
male,surprised
male,surprised
male,surprised
male,surprised
male,surprised
male,surprised
male,surprised
male,surprised
male,surprised
male,surprised
male,surprised
male,surprised
male,surprised
male,surprised
male,surprised
male,surprised
male,surprised
male,surprised
male,surprised
male,surprised
male,surprised
male,surprised
male,surprised
male,surprised
male,surprised
male,surprised
male,surprised
male,surprised
male,surprised
male,surprised
male,surprised
male,surprised
male,surprised
male,surprised
male,surprised
male,surprised
male,surprised
male,surprised
male,surprised
male,surprised
male,surprised
male,surprised
male,surprised
male,surprised
male,surprised
male,surprised
male,surprised
male,surprised
male,surprised
male,surprised
male,surprised
male,surprised
male,surprised
male,surprised
male,surprised
male,surprised
male,surprised
male,surprised
male,surprised
male,surprised
male,surprised
male,surprised
male,surprised
male,surprised
male,surprised
male,surprised
male,surprised
male,surprised
male,surprised
male,surprised
male,surprised
male,surprised
male,surprised
male,surprised
male,surprised
male,surprised
male,surprised
male,surprised
male,surprised
male,surprised
male,surprised
male,surprised
male,surprised
male,surprised
male,surprised
male,surprised
male,surprised
male,surprised
male,surprised
male,surprised
male,surprised
male,surprised
male,surprised
male,surprised
male,surprised
male,surprised
male,surprised
male,surprised
male,surprised
male,surprised
male,surprised
male,surprised
male,surprised
male,surprised
male,surprised
male,surprised
male,surprised
male,surprised
male,surprised
male,surprised
male,surprised
male,surprised
male,surprised
male,surprised
male,surprised
male,surprised
male,surprised
male,surprised
male,surprised
male,surprised
male,surprised
male,surprised
male,surprised
male,surprised
male,surprised
male,surprised
male,surprised
male,surprised
male,surprised
male,surprised
male,surprised
male,surprised
male,surprised
male,surprised
male,surprised
male,surprised
male,surprised
male,surprised
male,surprised
male,surprised
male,surprised
male,surprised
male,surprised
male,surprised
male,surprised
male,surprised
male,surprised
male,surprised
male,surprised
male,surprised
male,surprised
male,surprised
male,surprised
male,surprised
male,surprised
male,surprised
male,surprised
male,surprised
male,surprised
male,surprised
male,surprised
male,surprised
male,surprised
male,surprised
male,surprised
male,surprised
male,surprised
male,surprised
male,surprised
male,surprised
male,surprised
male,surprised
male,surprised
male,surprised
male,surprised
male,surprised
male,surprised
male,surprised
male,surprised
male,surprised
male,surprised
male,surprised
male,surprised
male,surprised
male,surprised
male,surprised
male,surprised
male,surprised
male,surprised
male,surprised
male,surprised
male,surprised
male,surprised
male,surprised
male,surprised
male,surprised
male,surprised
male,surprised
male,surprised
male,surprised
male,surprised
male,surprised
male,surprised
male,surprised
male,surprised
male,surprised
male,surprised
male,surprised
male,surprised
male,surprised
male,surprised
male,surprised
male,surprised
male,surprised
male,surprised
male,surprised
male,surprised
male,surprised
male,surprised
male,surprised
male,surprised
male,surprised
male,surprised
male,surprised
male,surprised
male,surprised
male,surprised
male,surprised
male,surprised
male,surprised
male,surprised
male,surprised
male,surprised
male,surprised
male,surprised
male,surprised
male,surprised
male,surprised
male,surprised
male,surprised
male,surprised
male,surprised
male,surprised
male,surprised
male,surprised
male,surprised
male,surprised
male,surprised
male,surprised
male,surprised
male,surprised
male,surprised
male,surprised
male,surprised
male,surprised
male,surprised
male,surprised
male,surprised
male,surprised
male,surprised
male,surprised
male,surprised
male,surprised
male,surprised
male,surprised
male,surprised
male,surprised
male,surprised
male,surprised
male,surprised
male,surprised
male,surprised
male,surprised
male,surprised
male,surprised
male,surprised
male,surprised
male,surprised
male,surprised
male,surprised
male,surprised
male,surprised
male,surprised
male,surprised
male,surprised
male,surprised
male,surprised
male,surprised
male,surprised
male,surprised
male,surprised
male,surprised
male,surprised
male,surprised
male,surprised
male,surprised
male,surprised
male,surprised
male,surprised
male,surprised
male,surprised
male,surprised
male,surprised
male,surprised
male,surprised
male,surprised
male,surprised
male,surprised
male,surprised
male,surprised
male,surprised
male,surprised
male,surprised
male,surprised
male,surprised
male,surprised
male,surprised
male,surprised
male,surprised
male,surprised
male,surprised
male,surprised
male,surprised
male,surprised
male,surprised
male,surprised
male,surprised
male,surprised
male,surprised
male,surprised
male,surprised
male,surprised
male,surprised
male,surprised
male,surprised
male,surprised
male,surprised
male,surprised
male,surprised
male,surprised
male,surprised
male,surprised
male,surprised
male,surprised
male,surprised
male,surprised
male,surprised
male,surprised
male,surprised
male,surprised
male,surprised
male,surprised
male,surprised
male,surprised
male,surprised
male,surprised
male,surprised
male,surprised
male,surprised
male,surprised
male,surprised
male,surprised
male,surprised
male,surprised
male,surprised
male,surprised
male,surprised
male,surprised
male,surprised
male,surprised
male,surprised
male,surprised
male,surprised
male,surprised
male,surprised
male,surprised
male,surprised
male,surprised
male,surprised
male,surprised
male,surprised
male,surprised
male,surprised
male,surprised
male,surprised
male,surprised
male,surprised
male,surprised
male,surprised
male,surprised
male,surprised
male,surprised
male,surprised
male,surprised
male,surprised
male,surprised
male,surprised
male,surprised
male,surprised
male,surprised
male,surprised
male,surprised
male,surprised
male,surprised
male,surprised
male,surprised
male,surprised
male,surprised
male,surprised
male,surprised
male,surprised
male,surprised
male,surprised
male,surprised
male,surprised
male,surprised
male,surprised
male,surprised
male,surprised
male,surprised
male,surprised
male,surprised
male,surprised
male,surprised
male,surprised
male,surprised
male,surprised
male,surprised
male,surprised
male,surprised
male,surprised
male,surprised
male,surprised
male,surprised
male,surprised
male,surprised
male,surprised
male,surprised
male,surprised
male,surprised
male,surprised
male,surprised
male,surprised
male,surprised
male,surprised
male,surprised
male,surprised
male,surprised
male,surprised
male,surprised
male,surprised
male,surprised
male,surprised
male,surprised
male,surprised
male,surprised
male,surprised
male,surprised
male,surprised
male,surprised
male,surprised
male,surprised
male,surprised
male,surprised
male,surprised
male,surprised
male,surprised
male,surprised
male,surprised
male,surprised
male,surprised
male,surprised
male,surprised
male,surprised
male,surprised
male,surprised
male,surprised
male,surprised
male,surprised
male,surprised
male,surprised
male,surprised
male,surprised
male,surprised
male,surprised
male,surprised
male,surprised
male,surprised
male,surprised
male,surprised
male,surprised
male,surprised
male,surprised
male,surprised
male,surprised
male,surprised
male,surprised
male,surprised
male,surprised
male,surprised
male,surprised
male,surprised
male,surprised
male,surprised
male,surprised
male,surprised
male,surprised
male,surprised
male,surprised
male,surprised
male,surprised
male,surprised
male,surprised
male,surprised
male,surprised
male,surprised
male,surprised
male,surprised
male,surprised
male,surprised
male,surprised
male,surprised
male,surprised
male,surprised
male,surprised
